{
  "participantId": "grandDan_1",
  "conditionName": "PRE",
  "loopName": "ClassicRockBeat",
  "exportDate": "2021-09-26T13:16:07.7573548+02:00",
  "bpm": 120.0,
  "timeSignatureHi": 4,
  "timeSignatureLo": 4,
  "metersPerBeat": 0.1,
  "durationInBars": 2,
  "songName": null,
  "songVolume": 0.0,
  "tracks": [
    {
      "trackName": "Track 4",
      "color": {
        "r": 0.0424528122,
        "g": 0.318934679,
        "b": 1.0
      },
      "sampleDefinition": {
        "_vectorValues": [
          0.0958886147,
          0.740779161,
          0.443754852,
          0.02104187,
          0.381886184,
          0.7393614,
          0.468877017,
          0.387709677,
          0.151337266,
          0.03958404,
          0.77596736,
          0.535555661,
          0.39545387,
          0.525099337,
          0.02134943,
          0.376935065,
          0.5018316,
          0.8972962,
          0.683815,
          0.856579542,
          0.121127009,
          0.485982239,
          0.173529863,
          0.492182553,
          0.0958929062,
          0.438737929,
          0.4252277,
          0.9991423,
          0.8386463,
          0.390907347,
          0.162996292,
          0.6245406,
          0.668846965,
          0.921471,
          0.197502851,
          0.2771302,
          0.05024445,
          0.316087544,
          0.434764564,
          0.555672348,
          0.183228135,
          0.09344995,
          0.6302985,
          0.6634425,
          0.0396645069,
          0.289815,
          0.0616960526,
          0.9016279,
          0.997661,
          0.133102655,
          0.4689172,
          0.6643611,
          0.222877026,
          0.174284339,
          0.4495842,
          0.100398064,
          0.805630445,
          0.5753626,
          0.300952852,
          0.823064566,
          0.784458756,
          0.265145481,
          0.969395757,
          0.750713348,
          0.2304641,
          0.792567849,
          0.6557363,
          0.3655824,
          0.6336093,
          0.292414725,
          0.745551944,
          0.409327328,
          0.5720442,
          0.706023,
          0.346846759,
          0.251076877,
          0.288720667,
          0.520909846,
          0.808972359,
          0.0254704952,
          0.884788752,
          0.6497853,
          0.6643019,
          0.4431618,
          0.6685257,
          0.8111286,
          0.49609524,
          0.8704839,
          0.9709412,
          0.5472413,
          0.608036458,
          0.6659559,
          0.6120716,
          0.3001364,
          0.86558187,
          0.496272624,
          0.5447512,
          0.600269735,
          0.7627474,
          0.1747024
        ],
        "name": "Hihat",
        "creationDate": "2021-08-12T16:31:09.79349+02:00"
      },
      "trackVolume": 0.5,
      "isMuted": false,
      "isSolo": false,
      "anotherIsSolo": false,
      "notes": [
        {
          "triggerTime": 0.0,
          "posOnTrackAxis": 0.0
        },
        {
          "triggerTime": 0.24999994039535522,
          "posOnTrackAxis": 0.0624999851
        },
        {
          "triggerTime": 0.49999985098838806,
          "posOnTrackAxis": 0.124999963
        },
        {
          "triggerTime": 0.75000011920928955,
          "posOnTrackAxis": 0.18750003
        },
        {
          "triggerTime": 0.99999970197677612,
          "posOnTrackAxis": 0.249999925
        },
        {
          "triggerTime": 1.25,
          "posOnTrackAxis": 0.3125
        },
        {
          "triggerTime": 1.5000002384185791,
          "posOnTrackAxis": 0.37500006
        },
        {
          "triggerTime": 1.7499997615814209,
          "posOnTrackAxis": 0.43749994
        },
        {
          "triggerTime": 1.9999998807907104,
          "posOnTrackAxis": 0.49999997
        },
        {
          "triggerTime": 2.25,
          "posOnTrackAxis": 0.5625
        },
        {
          "triggerTime": 2.4999997615814209,
          "posOnTrackAxis": 0.62499994
        },
        {
          "triggerTime": 2.75,
          "posOnTrackAxis": 0.6875
        },
        {
          "triggerTime": 3.0000004768371582,
          "posOnTrackAxis": 0.7500001
        },
        {
          "triggerTime": 3.2500002384185791,
          "posOnTrackAxis": 0.81250006
        },
        {
          "triggerTime": 3.5000002384185791,
          "posOnTrackAxis": 0.87500006
        },
        {
          "triggerTime": 3.7499992847442627,
          "posOnTrackAxis": 0.9374998
        }
      ]
    },
    {
      "trackName": "Track 5",
      "color": {
        "r": 0.0,
        "g": 1.0,
        "b": 0.6423671
      },
      "sampleDefinition": {
        "_vectorValues": [
          0.50943774,
          0.648573041,
          0.495938361,
          0.173536718,
          0.728286266,
          0.849638462,
          0.30097717,
          0.3185287,
          0.970165968,
          0.148497343,
          0.8971852,
          0.717953563,
          0.160004735,
          0.416802824,
          0.432692826,
          0.755969167,
          0.399659336,
          0.779467,
          0.4595148,
          0.294051468,
          0.415586531,
          0.419638455,
          0.9910412,
          0.270397,
          0.230483532,
          0.6484691,
          0.1367445,
          0.485813081,
          0.3935246,
          0.5139479,
          0.039788723,
          0.01968801,
          0.9376031,
          0.914760947,
          0.498283446,
          0.191003561,
          1.61715536E-06,
          0.670756459,
          0.934172034,
          0.836606,
          0.697852731,
          0.5452351,
          0.0598139763,
          0.1857053,
          0.40793556,
          0.437478483,
          0.332992733,
          0.8039322,
          0.7929803,
          0.347132623,
          0.376800954,
          8.885336E-07,
          0.218954444,
          1.60182663E-06,
          0.0488654375,
          0.6498064,
          0.273782074,
          0.8460382,
          0.5059739,
          0.3247406,
          0.6617273,
          0.3833894,
          0.922508955,
          0.691058755,
          0.91654706,
          0.5222184,
          0.2706141,
          0.146816254,
          0.337084472,
          0.524165452,
          0.2800433,
          0.87701,
          0.8232286,
          0.260806382,
          0.9999994,
          0.4150452,
          0.175869942,
          0.7897918,
          0.341558635,
          0.9152156,
          0.421718061,
          0.8758241,
          0.0959157944,
          0.749920368,
          0.8996781,
          0.281447,
          0.157506108,
          0.492062867,
          0.4982229,
          0.6988057,
          0.99433744,
          0.355807722,
          0.3861819,
          0.3942315,
          0.984048,
          0.3616534,
          0.255725443,
          0.485423625,
          0.08862126,
          0.325600326
        ],
        "name": "Snare",
        "creationDate": "2021-08-12T16:35:11.3038478+02:00"
      },
      "trackVolume": 0.5,
      "isMuted": false,
      "isSolo": false,
      "anotherIsSolo": false,
      "notes": [
        {
          "triggerTime": 0.49999955296516418,
          "posOnTrackAxis": 0.124999888
        },
        {
          "triggerTime": 1.4999998807907104,
          "posOnTrackAxis": 0.37499997
        },
        {
          "triggerTime": 2.4999997615814209,
          "posOnTrackAxis": 0.62499994
        },
        {
          "triggerTime": 3.4999995231628418,
          "posOnTrackAxis": 0.8749999
        },
        {
          "triggerTime": 3.75,
          "posOnTrackAxis": 0.9375
        },
        {
          "triggerTime": 3.8750007152557373,
          "posOnTrackAxis": 0.9687502
        }
      ]
    },
    {
      "trackName": "Track 6",
      "color": {
        "r": 0.0,
        "g": 0.6603774,
        "b": 0.119957976
      },